feature,delta_mean,delta_var
occ_ratio,-0.04362646671268706,0.021347093169272094
bikes,-0.019806992609719243,0.1751875198752242
docks_avail,,
