psi_global,top_feature,top_feature_psi
0.025845428620003826,occ_ratio,0.025845428620003826
