psi_global,top_feature,top_feature_psi
0.017280092552472606,occ_ratio,0.017280092552472606
