psi_global,top_feature,top_feature_psi
0.027138414010709853,occ_ratio,0.027138414010709853
