feature,ks
occ_ratio,0.030158138764696196
bikes,0.026339579338660074
docks_avail,
