feature,psi
occ_ratio,0.027138414010709853
bikes,0.013896737827367944
docks_avail,
