feature,psi
occ_ratio,0.025845428620003826
bikes,0.008126557187496056
docks_avail,
