ks,delta_mean,delta_var
0.02366382451758775,0.022438406340142644,-0.013945531377556246
