ks,delta_mean,delta_var
0.029293797127100618,0.030416862685759532,0.0172106609182053
