ks,delta_mean,delta_var
0.012690212855153066,0.01416403529504632,0.02037657570670812
