hour,mae_model,mae_baseline,coverage_pred_pct,n,lift_vs_baseline
0,2.0414127999023974,1.976903497470383,75.57478506819008,35709.0,-0.03263148783668987
1,3.1621853634810453,3.612082395707114,75.78327851826208,34662.0,0.12455336920352711
2,3.4991733703238657,4.482011678282162,75.6120527306968,5310.0,0.2192850841332463
3,2.112248236200306,1.7881136950904393,75.87502936340145,4257.0,-0.181271773713177
4,1.8615713735549577,1.8014530358069538,75.90036325895174,9635.0,-0.0333721371321091
5,1.8518971584377097,1.8268461258639506,75.81516095534788,19260.0,-0.013712721733425724
6,2.9118965477248446,3.304337509491268,75.85895975702354,21072.0,0.11876539870373086
7,4.427020658792965,5.556796609421218,75.7935631980928,22651.0,0.20331425280399595
8,4.6957236727824965,5.743784747718451,75.62152522815482,19066.0,0.1824687241896149
9,3.4360137530770314,4.009346139637976,75.67557590076787,27088.0,0.14299897454419175
10,2.558706633925196,2.671194885776065,75.64632885211996,21274.0,0.042111585511735376
11,2.571333869031717,2.6658857867045587,75.79016091247743,26039.0,0.03546735503238582
12,2.5562145033839028,2.670922097940793,75.68475554325916,25301.0,0.04294681400304653
13,2.90107052399386,3.0835548285967422,75.75478770530907,29346.0,0.059179847528745486
14,3.237621727259955,3.56241356721741,75.76242812431764,13739.0,0.09117185128259807
15,2.774057340086281,3.044964714857906,74.07018882319282,20972.0,0.08896897013280071
16,2.9732671999044005,3.460949920508744,70.00198728139905,20128.0,0.14091007723470803
17,3.3513175679220826,4.08283764151202,75.60688256890788,36498.0,0.17916952321401386
18,3.6164810129532374,4.193272541526354,75.70093457943925,26429.0,0.13755164322402091
19,3.4614724277916715,3.8789852700490997,75.67921440261865,30550.0,0.1076345521291818
20,2.831001141744839,2.9706349474537896,75.72736795863887,29593.0,0.04700470040205863
21,2.76413402200487,2.8205669309302457,75.61810248952007,35067.0,0.02000764750750441
22,2.8460459426239098,2.8613119632462345,75.73252216415777,38463.0,0.005335321984606332
23,2.580188619718808,2.861219237574393,75.78467153284672,32880.0,0.09822058168944417
