dow,mae_model,mae_baseline,coverage_pred_pct,n,lift_vs_baseline
0,2.9842334701189355,0.0,74.47070408665682,134046.0,
1,3.6067695063471596,0.0,75.77834904313053,80523.0,
2,3.132178960412495,0.0,75.7769900376164,92247.0,
3,2.8587317618434,0.0,75.76729218809471,86701.0,
4,2.71374507643388,0.0,75.79877634262407,30891.0,
5,2.4604600838396893,0.0,75.75562369553455,77618.0,
6,2.6720510145920384,0.0,75.64100647360473,66887.0,
