dow,mae_model,mae_baseline,coverage_pred_pct,n,lift_vs_baseline
0,2.9842334701189355,3.3684285128128613,74.47070408665682,134046.0,0.11405765069156758
1,3.6065609749210714,4.321161897899092,75.77834904313053,80523.0,0.16537240211375853
2,3.2736287025724455,3.5083391074373713,75.7782054596463,104439.0,0.06690071788310323
3,2.8587317618434,3.2243688077415484,75.75978362863609,90585.0,0.11339802227966977
4,2.71374507643388,2.894888478844971,75.79877634262407,30891.0,0.06257353391498018
5,2.4604600838396893,2.564753021206421,75.75562369553455,77618.0,0.04066393001758665
6,2.6720510145920384,2.827380507422967,75.64100647360473,66887.0,0.05493759768914321
