dow,mae_model,mae_baseline,coverage_pred_pct,n,lift_vs_baseline
0,3.1865171656832993,3.6926828914228476,74.49489084997678,137792.0,0.13707262189104863
1,3.9924408527488637,4.365239121068505,75.82752954065263,63895.0,0.08540156861518952
2,2.4873311968396448,2.6487606615144355,75.76582709326073,49946.0,0.06094528170110054
3,2.958934419631913,3.4259860242351277,75.76748933497343,76418.0,0.13632618501632296
4,2.6263943072800306,2.829836611266087,75.79877634262407,42659.0,0.0718918905692703
5,2.517220928487213,2.6585033085476497,75.7405007162835,73295.0,0.05314357879720673
6,2.4038260658181647,2.5121951219512195,75.64017476909463,72324.0,0.043137197101507256
