cluster,mae_model,mae_baseline,coverage_pred_pct,n,lift_vs_baseline
0.0,3.0205500835228745,3.724796599561907,78.29741157058884,77576.0,0.1890697913872297
1.0,2.9294561823582326,3.1779640097751227,79.41061622940818,81950.0,0.07819718116772345
2.0,3.5050754386606333,3.878789322408016,71.03160274424228,63697.0,0.0963480747944761
3.0,3.7948454472272637,4.560992312828502,72.1989945325592,59077.0,0.16797810937903385
4.0,2.3549317790154287,2.4277862286977396,74.73980358988817,170256.0,0.030008593351890756
5.0,2.955347477740245,3.029612358837711,75.94398795709716,63772.0,0.024512997803440826
