{"schema_version":"1.2","bins":[-9.0,-8.55,-8.1,-7.65,-7.2,-6.75,-6.3,-5.85,-5.4,-4.95,-4.5,-4.05,-3.5999999999999996,-3.1499999999999995,-2.7,-2.25,-1.7999999999999998,-1.3499999999999996,-0.9000000000000004,-0.4499999999999993,0.0,0.45000000000000107,0.9000000000000004,1.3499999999999996,1.8000000000000007,2.25,2.700000000000001,3.1500000000000004,3.5999999999999996,4.050000000000001,4.5,4.950000000000001,5.4,5.85,6.300000000000001,6.75,7.199999999999999,7.650000000000002,8.100000000000001,8.55,9.0],"counts":[7102,0,11725,0,20340,0,36825,0,68447,0,0,130823,0,258572,0,520473,0,1020149,0,0,1767059,0,892601,0,463700,0,247566,0,135675,0,0,75354,0,42951,0,25340,0,15471,0,10305],"n":5794488,"horizon_min":60}