{"schema_version":"1.2","bins":[-9.0,-8.55,-8.1,-7.65,-7.2,-6.75,-6.3,-5.85,-5.4,-4.95,-4.5,-4.05,-3.5999999999999996,-3.1499999999999995,-2.7,-2.25,-1.7999999999999998,-1.3499999999999996,-0.9000000000000004,-0.4499999999999993,0.0,0.45000000000000107,0.9000000000000004,1.3499999999999996,1.8000000000000007,2.25,2.700000000000001,3.1500000000000004,3.5999999999999996,4.050000000000001,4.5,4.950000000000001,5.4,5.85,6.300000000000001,6.75,7.199999999999999,7.650000000000002,8.100000000000001,8.55,9.0],"counts":[6861,0,11139,0,19506,0,35300,0,65372,0,0,125544,0,251309,0,511791,0,1019127,0,0,1807823,0,901885,0,459687,0,243016,0,131694,0,0,72015,0,40440,0,24201,0,14909,0,10020],"n":5795038,"horizon_min":60}