{"schema_version":"1.2","generated_at":"2025-12-16T18:08:43.455360Z","x_labels":["00:00","01:00","02:00","03:00","04:00","05:00","06:00","07:00","08:00","09:00","10:00","11:00","12:00","13:00","14:00","15:00","16:00","17:00","18:00","19:00","20:00","21:00","22:00","23:00"],"centroids":[{"cluster":0,"y":[0.2850537234146883,0.2904564555457799,0.2994414219876143,0.305054801685675,0.30537881179682896,0.30190012393124954,0.28583967434372953,0.25048854083641947,0.22915121318635293,0.23221864813988222,0.2269971652007796,0.21500522651452214,0.2113413944981609,0.21172652455125465,0.20758468912498065,0.20074194453294059,0.19311278095942447,0.188021378915291,0.19756581372666157,0.21902225959544297,0.24026982856278772,0.2536628836429893,0.26562414705194637,0.27748733943180015]},{"cluster":1,"y":[0.5733959401022041,0.5701599385002121,0.5678076110439455,0.5648148528737476,0.5638324463607343,0.5631571640755968,0.5559322832567849,0.5405302874160148,0.5606106928411467,0.5891165807033826,0.5962916690947501,0.5910564798568706,0.594608391858524,0.6014625349246169,0.6025313172787596,0.5984152735223769,0.5864396335439994,0.5618309666073622,0.5613111366496084,0.5785976165735232,0.5880322622122878,0.5821687921863843,0.573793656233326,0.5729505608537802]}]}