{"schema_version":"1.2","generated_at":"2025-12-03T11:13:49.978561Z","x_labels":["00:00","01:00","02:00","03:00","04:00","05:00","06:00","07:00","08:00","09:00","10:00","11:00","12:00","13:00","14:00","15:00","16:00","17:00","18:00","19:00","20:00","21:00","22:00","23:00"],"centroids":[{"cluster":0,"y":[0.2813596411421036,0.2872215210074426,0.2963442511658196,0.3023501653308176,0.3033845383154277,0.2998761859581577,0.28434645345055093,0.24803463183058788,0.22514232276410867,0.22464580681999166,0.21909671290391608,0.20901943851249977,0.20518088195726944,0.20481037356567444,0.20062936749133872,0.1963965204763238,0.19138262152198826,0.18802835961178624,0.19934985628434074,0.22010634288291506,0.2391762022957908,0.25196010236676736,0.26403771418042915,0.27667417878824424]},{"cluster":1,"y":[0.5896054700544702,0.5844830122714051,0.5807395035871443,0.577494672064949,0.5757967281346316,0.5756090026591961,0.5695476007056962,0.5607239946102542,0.5834004247868703,0.6139247053481041,0.6231059447519178,0.6203584111682252,0.6232264322389172,0.6303837102199124,0.6328279084175712,0.6290523387242005,0.6172591403988725,0.5917048886591747,0.5875931745182477,0.6007265173325346,0.6062494895756014,0.5993298209380129,0.5911105772650552,0.5890110297285469]}]}