{"schema_version":"1.2","generated_at":"2025-12-03T11:13:49.978561Z","n_stations":1498,"k_effective":2,"silhouette":0.514795,"davies_bouldin":0.731054,"window_days":14}