{"schema_version":"1.2","generated_at":"2025-12-16T18:08:43.455360Z","n_stations":1497,"k_effective":2,"silhouette":0.474065,"davies_bouldin":0.824691,"window_days":14}