{
  "mae_valid": 3.027770111855586,
  "rmse_valid": 4.763403006635091,
  "n_valid": 73405
}