{
  "mae_valid": 3.0315558789946175,
  "rmse_valid": 4.764308165344864,
  "n_valid": 74625
}