{
  "mae_valid": 3.031614723750124,
  "rmse_valid": 4.767413635290414,
  "n_valid": 74145
}