{
  "mae_valid": 2.978946469582456,
  "rmse_valid": 4.683243910003751,
  "n_valid": 80017
}