{
  "mae_valid": 3.0630043990052247,
  "rmse_valid": 4.870292719477484,
  "n_valid": 83417
}