{
  "mae_valid": 3.0102480672403322,
  "rmse_valid": 4.7229121401862155,
  "n_valid": 78254
}