{
  "mae_valid": 3.0317883769600256,
  "rmse_valid": 4.763258464133785,
  "n_valid": 74382
}