feature,delta_mean,delta_var
occ_ratio,-0.038816110583910546,0.37685500615969003
bikes,-0.014630027335557395,0.39285908002486875
docks_avail,,
