psi_global,top_feature,top_feature_psi
0.12177274047148677,bikes,0.12758434632643442
