feature,ks
occ_ratio,0.08833358342675057
bikes,0.09875218096171218
docks_avail,
