feature,psi
occ_ratio,0.12177274047148677
bikes,0.12758434632643442
docks_avail,
