ks,delta_mean,delta_var
0.04635875302338055,-0.003401383259742036,-0.11653031200846294
