hour,coverage_pct
0,3.571428571428571
1,7.142857142857142
2,20.43556375643391
3,32.81492624223603
4,36.43779741672332
5,37.46965135476353
6,34.79411479071574
7,44.498397591531514
8,40.17371894409938
9,47.56162655279503
10,45.53086180124223
11,58.95283385093167
12,19.78115295031056
13,35.79920419254658
14,39.586568322981364
15,69.90974378881988
16,45.81715838509317
17,53.989025929882494
18,59.25512285131592
19,66.53879770807032
20,74.65038360687579
21,59.95921142080218
22,55.096144508109155
23,49.589965062111794
