{
  "mae_valid": 3.067904171309451,
  "rmse_valid": 4.870337715916131,
  "n_valid": 82469
}