dow,mae_model,mae_baseline,coverage_pred_pct,n,lift_vs_baseline
0,2.864618803257289,3.1973589333936574,75.6185494132617,70730.0,0.10406718077885621
1,4.647858070124479,6.125611651603247,75.60877324276092,17371.0,0.24124180008897528
2,2.6913096825814478,2.887981241963543,75.76582709326073,39663.0,0.06810001274398092
3,2.8247489439092077,3.2243688077415484,75.76729218809471,86701.0,0.12393739291636657
4,2.6834865593635158,2.894888478844971,75.79877634262407,30891.0,0.0730259286415767
5,3.307776824595991,2.959142874244329,75.76909743578274,89423.0,-0.11781585586356397
