hour,mae_model,mae_baseline,coverage_pred_pct,n,lift_vs_baseline
0,1.8876793898516673,1.8117106105581748,75.69990105348931,17181.0,-0.04193207173969523
1,3.4385393482084594,4.340291168530659,75.72310065561126,20744.0,0.20776297840577237
2,3.41526921896042,4.482011678282162,75.6120527306968,5310.0,0.23800528331746706
4,1.3800148883520975,1.199774584389969,75.81008734854888,7098.0,-0.15022847317087698
5,1.4780262878898653,1.4344834775357032,75.65933493172105,9593.0,-0.03035434777468773
6,2.8826735488199087,3.357318517169141,75.89033609618362,10979.0,0.1413762101873636
7,3.6179780796882604,4.561060271378984,75.85989271063427,9507.0,0.20676819326607876
8,4.3409735775902,5.263907386538264,75.57627292285628,9761.0,0.1753324557548911
9,3.2633791350848407,3.7801441949117427,75.73547692052706,12067.0,0.13670511842444868
10,2.387514730926472,2.4857270294380016,75.68242640499554,11210.0,0.039510492241673974
11,2.6329355622550112,2.634351199373621,75.67798419816357,14049.0,0.0005373760032247002
12,2.961450919844184,2.6111458274157813,75.6916434698631,17603.0,-0.1341576133934639
13,3.497919325773872,3.263888888888889,75.87690631808279,18360.0,-0.07170294236476077
14,3.592022251568988,3.684336627732854,75.74123989218329,10017.0,0.025055901642915747
15,3.3397550880635456,2.90323441147049,75.80441009926055,15011.0,-0.15035667628779503
16,3.4143405635800335,3.177577063307922,75.67119655286709,12068.0,-0.07451070282639691
17,3.7015236482479987,4.139201271607392,75.75165187473121,25577.0,0.10573963299673704
18,3.645470248200588,4.167354531186421,75.66210495224968,20314.0,0.1252315537543803
19,3.540292211859386,3.9828388984967407,75.642869470172,17383.0,0.1111133786516916
20,2.5027295090896597,2.5568382143872617,75.7463747512084,17585.0,0.021162350043555222
21,2.413021758010652,2.4190465156693506,75.69947286103226,17263.0,0.002490550561832179
22,2.74865417909776,2.7644106539455375,75.80500894454383,20124.0,0.00569975912416957
23,2.6966346944048616,3.204131455399061,75.7245696400626,15975.0,0.1583882459438584
