level,mape_like,n
Bas,1.2621678199498956,84448.0
Moyen,0.28353288511441344,86612.0
Haut,0.17566404107204517,78007.0
