{
  "sklearn_available": true,
  "profile_row_coverage_min": 0.4,
  "n_input": 1473,
  "n_kept": 1458,
  "k_effective": 6,
  "silhouette": 0.17784246035176426,
  "davies_bouldin": 1.569870418312935,
  "n_stations": 1458
}