cluster,mae_model,mae_baseline,coverage_pred_pct,n,lift_vs_baseline
0.0,2.7756007094985375,2.7759681463595838,73.73391544117646,87040.0,0.00013236350047031027
1.0,3.6255957836607693,4.092374304911956,72.0505617977528,69776.0,0.11406056398382863
2.0,3.7591993231062397,4.4529727822854195,72.61434748744394,74466.0,0.15580006730315366
3.0,2.7822564643920344,3.3916473177483155,78.14546733833843,133597.0,0.17967400388813135
4.0,2.527521479879841,2.531009797618248,75.65175272810158,105293.0,0.0013782316218963998
5.0,2.8144849771633633,2.9871481156146733,77.49120264955496,96620.0,0.05780200102858998
