{
  "model_type": "xgb",
  "horizon_bins": 15,
  "built_at_utc": "2025-10-25T18:45:51Z",
  "git_sha": null,
  "feature_count": 45,
  "features_hash8": "c10f2fc9",
  "metrics": {
    "mae": 2.1726293563842773,
    "rmse": 3.2376577854156494
  },
  "n_train": 752134,
  "n_valid": 83571,
  "seed": 42
}