field,missing,share_zero,value
bikes,0.0,0.027803193111617053,
capacity,0.000368817867807165,0.0,
occ,0.000368817867807165,,
station_uptime_rel,,,0.9445747132597276
