feature,abs_corr
occ,0.7054399534122797
hour_cos,0.03685496663441069
hour_sin,0.031045907415171867
dow,0.017314012358398693
