occ_mean,occ_median,occ_iqr,share_low_<10%,share_high_>90%
0.37603885434130946,0.3076923076923077,0.4360902255639098,0.1645709005292674,0.05352987884673378
