MAE,RMSE,RelErr
4.707077925790406,7.416223156193732,0.8074154228785819
