horizon,MAE,RMSE,MAPE,sMAPE
60,4.689485063230323,7.37522017152429,86249.62697210227,0.5180262820532933
