horizon,MAE,RMSE,MAPE,sMAPE
60,3.11857563464434,5.255384357471074,50139.04564698627,0.3813038858847024
