horizon_min,MAE,RMSE,MAPE,Bias
60,2.857084301720723,4.258345278240949,47.84951424253817,-0.01792612277785949
