feature,psi
capacity,0.23539797401909732
bikes,0.04418373666550518
occ,0.008573914100950543
