cluster,mae,rmse,n
0,3.006753605149302,4.309160212998073,64320.0
1,2.88270542126614,4.072493330786,67928.0
2,3.383373877980452,4.907883028436094,52808.0
3,3.6388111013528457,5.678421478117525,48903.0
4,2.3077594320053976,3.420519605198544,141405.0
5,2.9024053464062542,4.317539257606712,52864.0
