cluster,mae,rmse,n
0.0,2.7756007094985375,4.075064624568349,87040.0
1.0,3.6255957836607693,5.346523347598967,69776.0
2.0,3.7591993231062397,5.951774847804947,74466.0
3.0,2.7822564643920344,4.0283163651172185,133597.0
4.0,2.527521479879841,3.7734379892031216,105293.0
5.0,2.8144849771633633,4.035624241147442,96620.0
