cluster,mae,rmse,n
0.0,2.866500253303944,4.155644589289618,134192.0
1.0,3.6302631252236424,5.32781057400025,69351.0
2.0,3.7690541984180967,5.9468042862749755,79339.0
3.0,2.5161828736429954,3.7581968388529035,119113.0
4.0,2.8318131670473026,4.202810495415665,85499.0
5.0,2.8413879102016164,4.061055937755073,95360.0
