level,mape_like,n
Bas,1.040506382688367,123969.0
Moyen,0.25866644239277603,94042.0
Haut,0.1671879490603875,100301.0
