metric,value
bike_avail,97.33870967741936
dock_avail,98.62903225806451
penury,2.661290322580645
saturation,1.2903225806451613
