coverage_j1_pct,coverage_7d_pct,coverage_28d_pct,last_day
75.78541001064963,75.40308254337074,75.45020064579295,2025-09-17
