coverage_j1_pct,coverage_7d_pct,coverage_28d_pct,last_day
75.84574224662936,75.37480034000579,75.41606223938612,2025-09-16
