cluster,mae_model,mae_baseline,coverage_pred_pct,n,lift_vs_baseline
0.0,2.884230209981557,3.4334899197494617,77.85537653104593,103524.0,0.15997126032278655
1.0,3.5976784240528437,4.009126713625691,72.7722957314794,53508.0,0.10262790851046721
2.0,3.7142982528437276,4.347101137004011,73.00494061446847,61126.0,0.14556893530119394
3.0,2.5121231001079347,2.5786063017291734,75.78674846892712,91929.0,0.025782610387889017
4.0,2.825304231233969,2.8360685967176837,73.36498210277256,65932.0,0.003795523668282549
5.0,2.830344833885752,2.983961264941746,76.95211198761727,73651.0,0.05148070548395437
