cluster,mae_model,mae_baseline,coverage_pred_pct,n,lift_vs_baseline
0.0,2.734451726141734,2.749404271911962,73.67798229230527,70139.0,0.005438467497480847
1.0,3.5106415304953673,3.9460208858480375,71.99431212228937,56260.0,0.11033376861083262
2.0,3.608028960794555,4.178500219661384,72.52860908150669,59946.0,0.136525362899959
3.0,2.762197298996162,3.3043960693967747,78.08226808143259,107721.0,0.16408407437053762
4.0,2.497996553811059,2.5081611225122895,75.62782698831512,84896.0,0.004052597981045698
5.0,2.7588670670383593,2.9018973359324236,77.45887967976188,77942.0,0.049288535167322366
