coverage_j1_pct,coverage_7d_pct,coverage_28d_pct,last_day
75.7123214422122,75.70414886684527,75.73085528064783,2025-09-20
