lag_15min,acf
0,1.0
1,0.6129790539358422
2,0.4561700071444955
3,0.3730429321208326
4,0.22585026207561942
5,0.20890806978812992
6,0.18067187896612774
7,0.15158451632855188
8,0.10298383886500455
9,0.0444648814321286
10,-0.012337809883693214
11,-0.06333986641099575
12,-0.09598087105564898
13,-0.10678561281161081
14,-0.1186518475019833
15,-0.12233473435517254
16,-0.09519521799454285
17,-0.07052917747862708
18,-0.038773201696592714
19,-0.061317705200575445
20,-0.09875156214292818
21,-0.08553786183354088
22,-0.07328072238006161
23,-0.12356269865278531
24,-0.12469400948481381
25,-0.11679144082693184
26,-0.15572327173165953
27,-0.13424650350487993
28,-0.15012170928387894
29,-0.15213843173668876
30,-0.16472931288836504
31,-0.18215133448948093
32,-0.11682875795888284
33,-0.08398534967107904
34,-0.0826974767229213
35,-0.02296542489471712
36,0.026690389259827745
37,0.02041568406433951
38,0.0015644818217843282
39,-0.021440941597893046
40,-0.045976530556982635
41,-0.002821771363273703
42,-0.03339602478112014
43,0.046911143042085664
44,0.02638423037632929
45,0.07458385694690244
46,0.10758870922231083
47,0.10037909852995465
48,0.07219434458619778
