feature,delta_mean,delta_var
occ_ratio,-0.023839573374247917,-0.09876213573935669
bikes,-0.008814242568205215,0.0014232147470713392
docks_avail,,
