feature,delta_mean,delta_var
occ_ratio,-0.011138454514611103,-0.09932405568010086
bikes,-0.0016790239569493767,-0.03571471565712998
docks_avail,,
