feature,ks
occ_ratio,0.0546290505309216
bikes,0.03965927571838512
docks_avail,
