feature,ks
occ_ratio,0.025893830404948526
bikes,0.017581965293928414
docks_avail,
