feature,psi
occ_ratio,0.017280092552472606
bikes,0.0075038763274824305
docks_avail,
