{
  "sklearn_available": true,
  "profile_row_coverage_min": 0.4,
  "n_input": 1473,
  "n_kept": 1458,
  "k_effective": 6,
  "silhouette": 0.1788137518285949,
  "davies_bouldin": 1.563737441520647,
  "n_stations": 1458
}