level,mape_like,mae,n
bas,0.9491190089798968,1.665625141545399,2126.0
moyen,0.20778977741927496,1.4252750922245303,2037.0
haut,0.13909130573135012,2.7926973252845686,2032.0
