bin,mae,std,n
"[0,8)",1.5375122890385367,1.8519231613021037,3685.0
"[8,16)",1.9177787427781254,2.773729000394143,1270.0
"[16,25)",2.6646519377785016,3.568184648910889,786.0
"[25,33)",3.463390762311768,4.8341329848748495,215.0
"[33,42)",4.063973974634118,5.884116087362789,195.0
"[42,50)",8.348980802777678,9.487749555198482,43.0
"[50,58)",27.3270537658778,0.0,1.0
"[58,67)",,,0.0
"[67,75)",,,0.0
"[75,84)",,,0.0
