level,mape_like,n
Bas,1.2432661196266233,143247.0
Moyen,0.2786943883657832,147257.0
Haut,0.17189173299071847,134278.0
