level,mape_like,n
Bas,1.2530706049424627,147280.0
Moyen,0.28091431615141993,151710.0
Haut,0.17395239447504357,137968.0
