coverage_j1_pct,coverage_7d_pct,coverage_28d_pct,last_day
75.59217301750772,75.3962011658384,75.45817100834374,2025-09-18
