cluster,mae_model,mae_baseline,coverage_pred_pct,n,lift_vs_baseline
0,3.006753605149302,3.5884300126103406,78.25870646766168,64320.0,0.16209774341896896
1,2.88270542126614,3.0824328358208954,79.35755505829702,67928.0,0.06479538247637613
2,3.383373877980452,3.7344097995545655,70.97788213906983,52808.0,0.09400037500329622
3,3.6388111013528466,4.252057634497771,72.11009549516389,48903.0,0.1442234762223203
4,2.307759432005397,2.3831010965211092,74.72225168841271,141405.0,0.031614967835689865
5,2.9024053464062542,2.968584579976985,75.90609866828088,52864.0,0.022293194547026794
