hour,mae_model,mae_baseline,coverage_pred_pct,n,lift_vs_baseline
0,2.106904141956608,2.1192146545844297,75.5407176798296,24412.0,0.0058089974987625016
1,2.650784651879778,2.641951340410591,75.83543310339131,24209.0,-0.0033434800005870567
2,2.7241890143739704,2.9598912304554723,75.79877634262407,1471.0,0.07963205325123777
3,2.112248236200306,1.7881136950904393,75.87502936340145,4257.0,-0.181271773713177
4,1.8802331425619048,1.8283236307472972,75.89402399904954,8417.0,-0.028391861780723365
5,1.8830155957280827,1.8677136639021235,75.89023387001997,17018.0,-0.008192868169090603
6,3.0228096735949315,3.511753239307419,75.80552688911823,17442.0,0.13923061570491096
7,4.2867119609403925,5.419320929254704,75.75948701776515,19026.0,0.20899462923486145
8,4.496858799877475,5.518554101116849,75.71754533445419,16654.0,0.18513822325898782
9,3.310085228391252,3.860325697924123,75.67724631202503,22370.0,0.1425373174674771
10,2.5102677648015335,2.6120082596494942,75.67639116852862,18887.0,0.03895106168677022
11,2.556685640439595,2.6413925966698777,75.82220999036741,21801.0,0.03206905188462955
12,2.4620939663766896,2.533481019031316,75.68724196959018,19862.0,0.028177457071267727
13,2.687257777464852,2.7912228376651043,75.75202386024712,23470.0,0.037247137275224
14,2.7517752123449988,2.9394556365195026,75.76082297471068,9332.0,0.06384870104613283
15,2.771988623727569,2.9681610675406764,73.68605876155917,17086.0,0.06609225016742425
16,2.997444601698399,3.4505745812131954,69.17843462352067,17491.0,0.13132015229634003
17,3.537656018318873,4.265449755363192,75.54820024824163,26587.0,0.17062532177977768
18,3.787493734547297,4.384178450979232,75.72332998047453,16901.0,0.13609955048674213
19,3.5137997744883487,3.923764067084118,75.75863729911984,22837.0,0.10448240148659797
20,2.9573098093252255,3.1452162642215926,75.73808266525852,20831.0,0.05974357217781715
21,2.8977153410650858,2.999964409011638,75.63171755996868,28098.0,0.03408342700313541
22,3.156155124466751,3.2523000210688955,75.70201173512154,28632.0,0.029562124028934298
23,2.700675540694714,3.1397409072697324,75.82653145354111,24258.0,0.13984127338609692
