field,missing,share_zero,value
bikes,0.0,0.02853333477277512,
capacity,0.00041833776861333174,0.0,
occ,0.00041833776861333174,,
station_uptime_rel,,,0.9527916640951264
