field,missing,share_zero,value
bikes,0.0,0.028811079737940302,
capacity,0.0004258884891191022,0.0,
occ,0.0004258884891191022,,
station_uptime_rel,,,0.9551881995239869
