horizon_min,MAE,MedAE,N
60,2.041259256840196,1.3113254602484936,258243
