feature,abs_corr
occ,0.7061194483699849
hour_cos,0.03505635813572559
hour_sin,0.030859560068994367
dow,0.017126364842066606
