feature,abs_corr
occ,0.7037502654029103
hour_cos,0.034936861264258656
hour_sin,0.029521260609074534
dow,0.01855584986709544
