MAE,RMSE,MAPE,R2,Coverage
2.041259256840196,3.2996007841788413,,0.8983456567705925,1.0
