stations,bikes_mean,occ_mean,capacity_mean,rows
1472,11.970145241461669,0.37608708962545556,32.068228187537656,386873
