occ_mean,occ_median,occ_iqr,share_low_<10%,share_high_>90%
0.37677824849244246,0.3076923076923077,0.434065934065934,0.16268503868103695,0.05408486413744008
