stations,bikes_mean,occ_mean,capacity_mean,rows
1472,11.96625424438346,0.3759886697902199,32.06759886874202,386982
