horizon_min,MAE,RMSE,MAPE,Bias
60,1.9806508581366724,3.2460328463585197,34.56942166729102,0.04729718819017694
