horizon,MAE,RMSE,MAPE,sMAPE
60,2.033861525402329,3.3007870081555053,58775.28722641045,0.2957498880060038
