horizon_min,MAE,RMSE,MAPE,Bias
60,1.974527332694419,3.2340324833787353,34.45741987699695,0.04836942098580959
