horizon,MAE,RMSE,MAPE,sMAPE
60,4.670799520343568,7.340770954567614,84975.20046820011,0.5161873417325937
