feature,psi
capacity,0.23587987229648877
bikes,0.04546839807007949
occ,0.009216277881166968
