feature,psi
capacity,0.2361864071065905
bikes,0.046032798523779665
occ,0.009076183243905162
