mean,std,p10,p50,p90,n
0.04068027599707139,3.2993563922734386,-3.0345179893270773,0.3494360459500143,2.8222925493424293,258243
