{
  "mae_valid": 3.067280043668941,
  "rmse_valid": 4.871050592996661,
  "n_valid": 83673
}